{
    "fx": 487.1749,
    "fy": 487.7741,
    "cx": 323.347,
    "cy": 238.453537,
    "distortion": [0.075920796579382, -0.041364902728913, 0, 0, 0]
}